Microsoft Corporation,Hold
Microsoft Corporation,Hold
Yahoo-Microsoft Deal,Hold
Microsoft’s Earnings Surge as Cloud Bet Continues to Pay Off,Sell
Microsoft Says It Will Sell Pentagon Artificial Intelligence and Other Advanced Technology,Buy
Microsoft Is Worth as Much as Apple. How Did That Happen?,Buy
Paul G. Allen Microsoft’s Co-Founder Is Dead at 65,Sell
Microsoft CVS to Review Executive Pay Levels Official Says,Sell
Microsoft Emerges as Clear No. 2 in Cloud Computing,Buy
Microsoft Employees Question C.E.O. Over Company’s Contract With ICE,Hold
Microsoft Urges Congress to Regulate Use of Facial Recognition,Hold
Microsoft’s Windows Domination,Sell
Microsoft Buys GitHub for $7.5 Billion Moving to Grow in Coding’s New Era,Hold
What the Microsoft Antitrust Case Taught Us,Hold
Microsoft’s Cloud Has Business Booming Again,Hold
Microsoft Reorganizes to Fuel Cloud and A.I. Businesses,Hold
Microsoft Tries a New Role: Moral Leader,Hold
New Russian Hacking Targeted Republican Groups Microsoft Says,Hold
Back Story on Microsoft's Vista,Hold
Microsoft’s Potent Acquisition Currency: DealBook Briefing,Hold
Microsoft Primary Election E.P.A.: Your Tuesday Briefing,Hold
Microsoft Sales Lifted by Cloud Computing,Hold
Microsoft Moves to End Secrecy in Sexual Harassment Claims,Sell
Microsoft Employees Protest Work With ICE as Tech Industry Mobilizes Over Immigration,Sell
Using Microsoft Apps on a Chromebook,Hold
Microsoft Office Mobile Apps: Free or With a Fee,Buy
Microsoft to Expand Campus as Amazon Looks Elsewhere,Buy
Supreme Court Tosses Out Microsoft Case on Digital Data Abroad,Buy
Serving the Community Working for Microsoft,Hold
Microsoft Is Rewarded for Turning to the Cloud,Buy
What Are the Biggest Problems Facing Us in the 21st Century?,Sell
Microsoft C.E.O. Says Tech’s Progress on Gender Equality Is ‘Not Sufficient’,Buy
Microsoft Paint’s Days May Be Numbered,Hold
Christopher Liddell Is Front-Runner to Become Trump’s Top Economic Adviser,Buy
Microsoft’s Chief Wants You to Know He’s a Different Kind of Leader,Hold
Microsoft Shifts From Paying Outside Lawyers by the Hour,Hold
The Surprising New PC Innovator? Microsoft,Buy
How Microsoft Has Become the Surprise Innovator in PCs,Buy
Apple’s Bad Month Is Getting Worse Jeopardizing Its Status as Most Valuable Company,Sell
Getting Microsoft Word to Call You by Your Real Name,Hold
Screening Out Malware with Microsoft Edge,Hold
Digital Divide Is Wider Than We Think Study Says,Hold
Microsoft to Cut Up to 4000 Sales and Marketing Jobs,Sell
U.S. to Limit Use of Secrecy Orders That Microsoft Challenged,Sell
To Close Digital Divide Microsoft to Harness Unused Television Channels,Hold
Microsoft Looks to Regain Lost Ground in the Classroom,Sell
‘Cortana Open Alexa’ Amazon Says. And Microsoft Agrees,Buy
In Ransomware Attack Where Does Microsoft’s Responsibility Lie?,Sell
Microsoft Teaches Autonomous Gliders to Make Decisions on the Fly,Hold
The Tax Overhaul; Microsoft’s C.E.O. on Equality: DealBook Briefing,Hold
Microsoft Corporation,Hold
Microsoft Corporation,Hold
Yahoo-Microsoft Deal,Hold
Microsoft’s Earnings Surge as Cloud Bet Continues to Pay Off,Sell
Microsoft Says It Will Sell Pentagon Artificial Intelligence and Other Advanced Technology,Buy
Microsoft Is Worth as Much as Apple. How Did That Happen?,Buy
Paul G. Allen Microsoft’s Co-Founder Is Dead at 65,Sell
Microsoft CVS to Review Executive Pay Levels Official Says,Sell
Microsoft Emerges as Clear No. 2 in Cloud Computing,Buy
Microsoft Employees Question C.E.O. Over Company’s Contract With ICE,Hold
